<?xml version="1.0" encoding="UTF-8"?>
<EmailTemplate xmlns="http://soap.sforce.com/2006/04/metadata">
    <available>true</available>
    <description>MSC PBM Email notification of customer reference status changed to invalid</description>
    <encodingKey>UTF-8</encodingKey>
    <letterhead>VMWare_Corporate</letterhead>
    <name>MSC PBM notification of customer reference status changed to invalid</name>
    <style>freeForm</style>
    <subject>Notification of {!Customer_Reference__c.Account_Name__c} Invalid Customer Reference</subject>
    <textOnly>Dear {!IF(ISNULL(Customer_Reference__c.PBM__c),&apos;&apos;, Customer_Reference__c.PBM__c + &apos;,&apos;)} {!IF(ISNULL(Customer_Reference__c.PMM__c),&apos;&apos;, Customer_Reference__c.PMM__c + &apos;,&apos;)}


VMware Partner ID: {!Customer_Reference__c.Account_Partner_ID__c}


This email is to inform you that the Customer Reference {!Customer_Reference__c.Name} you flagged for review for your partner listed above has been reviewed and designated as invalid for meeting the requirements of the {!Customer_Reference__c.Competency_Name__c} .

This communication is for your information only.


Thank you,



Your VMware Partner Network Team</textOnly>
    <type>html</type>
    <uiType>Aloha</uiType>
</EmailTemplate>
