<?xml version="1.0" encoding="UTF-8"?>
<EmailTemplate xmlns="http://soap.sforce.com/2006/04/metadata">
    <available>true</available>
    <description>Customer Reference close to expiration (90, 60, 30 days before the reference expires)</description>
    <encodingKey>UTF-8</encodingKey>
    <letterhead>VMWare_Corporate</letterhead>
    <name>MSC - Customer Reference close to expiration</name>
    <style>freeForm</style>
    <subject>{!Competency__c.Competency_Name__c} Customer Reference Requirements Expiring Soon</subject>
    <textOnly>Dear {!Competency__c.Primary_Contact__c},


VMware Partner ID: {!Competency__c.Partner_ID__c}


A key requirement of achieving a Master Services Competency is maintenance of customer references. This email is to inform you that a customer reference for your organization is expiring soon. This impacts fulfilment of requirements for the following Master Services Competency:

Master Services Competency Name: {!Competency__c.Competency_Name__c}

Expiration Date: {!Competency__c.CustomerReferenceExpirationDate__c}

Customer Reference Name: {!Competency__c.CustomerReferenceName__c}

Please visit your customer reference activity page on Partner Central at (link) to identify which of your customer references is about to expire as of the expiry date above.

Should you have questions regarding this email or experience difficulty accessing the above link to the Master Services Competency Dashboard, contact partnernetwork@vmware.com.


Best Regards,


Your VMware Partner Network Team</textOnly>
    <type>html</type>
    <uiType>Aloha</uiType>
</EmailTemplate>
