<?xml version="1.0" encoding="UTF-8"?>
<EmailTemplate xmlns="http://soap.sforce.com/2006/04/metadata">
    <available>true</available>
    <description>Email sent to end customer to approve/reject a reference</description>
    <encodingKey>UTF-8</encodingKey>
    <letterhead>VMWare_Corporate</letterhead>
    <name>MSC End Customer Reference Email</name>
    <style>freeForm</style>
    <subject>Customer Reference Request from {!Customer_Reference__c.Account__c}</subject>
    <textOnly>Dear {!Customer_Reference__c.End_Customer_Name__c},

{!Customer_Reference__c.Account__c} recently deployed a solution on behalf of your organization and is requesting your validation of that engagement through the approval of a Customer Reference form. This form will be used to fulfill a key requirement of the VMware {!Customer_Reference__c.Competency_Admin__c} .


We appreciate your assistance in approving this reference by reviewing and verifying the information here : http://perf-vmware.cs66.force.com/PartnerForms/MSC_Customer_Reference_Review?crId={!Customer_Reference__c.Id} . This information is for internal VMware program purposes only and will not be used publicly without your prior permission.


Please contact your VMware business partner for any questions or contact partnernetwork@vmware.com.

Thank you,



Your VMware Partner Network Team</textOnly>
    <type>html</type>
    <uiType>Aloha</uiType>
</EmailTemplate>
