<?xml version="1.0" encoding="UTF-8"?>
<EmailTemplate xmlns="http://soap.sforce.com/2006/04/metadata">
    <available>true</available>
    <description>Certifications close to expiration (90, 60, 30 days before)</description>
    <encodingKey>UTF-8</encodingKey>
    <letterhead>VMWare_Corporate</letterhead>
    <name>MSC - Certifications close to expiration</name>
    <style>freeForm</style>
    <subject>{!Competency__c.Competency_Name__c} Certification Requirements Expiring Soon</subject>
    <textOnly>Dear {!Competency__c.Primary_Contact__c},


VMware Partner ID: {!Competency__c.Partner_ID__c}


A key requirement of achieving a Master Services Competency is maintenance of certifications. This email is to inform you that one or more of your organization’s certifications is expiring soon. This impacts fulfilment of requirements for the following Master Services Competency:

Master Services Competency Name: {!Competency__c.Competency_Name__c}

Expiration Date: {!Competency__c.CertificationCourse1ExpirationDate__c}

Certification Name: {!Competency__c.CertificationCourse1CertificationName__c}


Please visit your Master Service Competency Dashboard on Partner Central at {!$Label.MSC_PartnerCentralURL}apex/MSC_Dashboard?id={!Competency__c.Account_NameId__c} to identify which of your certifications is about to expire as of the expiry date above.

Should you have questions regarding this email or experience difficulty accessing the above link to the Master Services Competency Dashboard, contact partnernetwork@vmware.com.


Best Regards,


Your VMware Partner Network Team</textOnly>
    <type>html</type>
    <uiType>Aloha</uiType>
</EmailTemplate>
