<?xml version="1.0" encoding="UTF-8"?>
<EmailTemplate xmlns="http://soap.sforce.com/2006/04/metadata">
    <available>true</available>
    <description>Email sent to primary contact Customer reference expiration</description>
    <encodingKey>UTF-8</encodingKey>
    <letterhead>VMWare_Corporate</letterhead>
    <name>MSC Customer Reference Expiration Email Notification</name>
    <style>freeForm</style>
    <subject>{!Customer_Reference__c.Competency_Admin__c}. Customer Reference Expiration</subject>
    <textOnly>Dear {!Customer_Reference__c.Primary_Contact__c},


VMware Partner ID: {!Customer_Reference__c.Account_Partner_ID__c}


A key requirement of achieving a Master Services Competency is maintenance of customer references. This email is to inform you that a customer reference has expired for your organization in the following Master Services Competency:


{!Customer_Reference__c.Competency_Admin__c}


This notification is for your information only. No action is required from you at this time.


Please visit your customer reference activity page on Partner Central at {!$Label.MSC_PartnerCentralURL}apex/MSC_Dashboard?id={!Account.Id} to identify which of your customer references has expired.


Should you have questions regarding this email or experience difficulty accessing the above link, contact partnernetwork@vmware.com.


Best Regards,



Your VMware Partner Network Team</textOnly>
    <type>html</type>
    <uiType>Aloha</uiType>
</EmailTemplate>
