<?xml version="1.0" encoding="UTF-8"?>
<EmailTemplate xmlns="http://soap.sforce.com/2006/04/metadata">
    <available>true</available>
    <description>Email sent to Partner Ops For Review</description>
    <encodingKey>UTF-8</encodingKey>
    <letterhead>VMWare_Corporate</letterhead>
    <name>MSC Email Alert To Partner Ops For Review</name>
    <style>freeForm</style>
    <subject>{!Customer_Reference__c.Name} has been flagged for review</subject>
    <textOnly>This email is to inform you that the {!Customer_Reference__c.Name} form submitted to {!Customer_Reference__c.Account_Name__c} has been flagged for reviewed by {!Customer_Reference__c.PBM__c},{!Customer_Reference__c.PMM__c} .


Please proceed as per the escalation process. To review the Customer Reference click here


Thank you,



VMware Partner Network Team</textOnly>
    <type>html</type>
    <uiType>Aloha</uiType>
</EmailTemplate>
