<?xml version="1.0" encoding="UTF-8"?>
<EmailTemplate xmlns="http://soap.sforce.com/2006/04/metadata">
    <available>true</available>
    <description>Email sent to Partner approved/rejected a reference Notification</description>
    <encodingKey>UTF-8</encodingKey>
    <letterhead>VMWare_Corporate</letterhead>
    <name>MSC Customer Reference Approved/Rejected  Email Notification</name>
    <style>freeForm</style>
    <subject>Status of {!Customer_Reference__c.Account__c} Customer Reference</subject>
    <textOnly>Dear {!Customer_Reference__c.Primary_Contact__c}


VMware Partner ID: {!Customer_Reference__c.Account_Partner_ID__c}


This email is to inform you that the Customer Reference form you submitted to {!Customer_Reference__c.Name} has been reviewed by your customer and designated as {!Customer_Reference__c.Status__c}


Please visit the Customer Reference activity page ({!$Label.urlEmailTemplate}/apex/MSC_Dashboard?id={!Customer_Reference__c.Account_NameId__c}) for more information.


Should you have questions regarding this email, contact your VMware business partner or partnernetwork@vmware.com.


Thank you,



Your VMware Partner Network Team</textOnly>
    <type>html</type>
    <uiType>Aloha</uiType>
</EmailTemplate>
