<?xml version="1.0" encoding="UTF-8"?>
<EmailTemplate xmlns="http://soap.sforce.com/2006/04/metadata">
    <available>true</available>
    <description>Email sent to PBM a reference Notification</description>
    <encodingKey>UTF-8</encodingKey>
    <letterhead>VMWare_Corporate</letterhead>
    <name>MSC PBM Customer Reference Email Notification</name>
    <style>freeForm</style>
    <subject>{!Customer_Reference__c.Account__c} Customer Reference added to System for Master Services Competency</subject>
    <textOnly>Dear {!IF(ISNULL(Customer_Reference__c.PBM__c),&apos;&apos;, Customer_Reference__c.PBM__c + &apos;,&apos;)} {!IF(ISNULL(Customer_Reference__c.PMM__c),&apos;&apos;, Customer_Reference__c.PMM__c + &apos;,&apos;)}


VMware Partner ID: {!Customer_Reference__c.Account_Partner_ID__c}


This email is to inform you that a new customer reference has been added to the system for the above partner in order for that partner to meet the requirements of the Master Services Competency program.


Visit your partner’s Customer Reference activity page :  {!$Label.urlEmailTemplate}/{!Customer_Reference__c.Id} to see the information and ensure it accurately reflects the partner engagement.


Thank you,



The VMware Partner Network Team</textOnly>
    <type>html</type>
    <uiType>Aloha</uiType>
</EmailTemplate>
