<?xml version="1.0" encoding="UTF-8"?>
<EmailTemplate xmlns="http://soap.sforce.com/2006/04/metadata">
    <available>true</available>
    <description>Email sent to Partner for Master Services Competency for Provisional Alert - Provisional</description>
    <encodingKey>UTF-8</encodingKey>
    <letterhead>VMWare_Corporate</letterhead>
    <name>Provisional no detail</name>
    <style>freeForm</style>
    <subject>{!Competency__c.Competency_Name__c} Provisional Alert - Provisional</subject>
    <textOnly>Dear {!Competency__c.Primary_Contact__c},


VMware Partner ID: {!Competency__c.Partner_ID__c}

This email is to confirm that your company has been designated Provisional status in the following Master Services Competency-

Master Services Competency Name: {!Competency__c.Competency_Name__c}

Provisional Status Expiry Date: {!Competency__c.Provisional_Status_End_Date__c}


Please visit your Master Services CompetencyDashboard on Partner Central at {!$Label.MSC_PartnerCentralURL}apex/MSC_Dashboard?id={!Competency__c.Account_NameId__c} to identify which requirements need to be completed by the expiry date indicated above.

As a Master Services Competency partner, your company will continue to be eligible for program benefits through the expiry date. However, in order to continue receiving all program benefits, your company must complete all pending requirements before the expiry date indicated above.

Should you have questions regarding this email or experience difficulty accessing the above link to the Master Services Competency Dashboard, contact partnernetwork@vmware.com.


Best regards,

Your VMware Partner Network Team.</textOnly>
    <type>html</type>
    <uiType>Aloha</uiType>
</EmailTemplate>
