<?xml version="1.0" encoding="UTF-8"?>
<EmailTemplate xmlns="http://soap.sforce.com/2006/04/metadata">
    <available>true</available>
    <description>: VMware Master Services Competency Achieved Status Reinstated</description>
    <encodingKey>UTF-8</encodingKey>
    <letterhead>VMWare_Corporate</letterhead>
    <name>Reinstatement of MSC</name>
    <style>freeForm</style>
    <subject>VMware Master Services Competency Achieved Status Reinstated : {!Competency__c.Competency_Name__c}</subject>
    <textOnly>Dear {!Competency__c.Primary_Contact__c},



VMware Partner ID: {!Competency__c.Partner_ID__c}



We are pleased to inform you that your organization has once again met all requirements and as a result is returned to Achieved status from Incomplete for the VMware Master Services Competency {!Competency__c.Competency_Name__c}.



As a reminder, Master Services Competency attainment provides your company with access to benefits to help you build your services delivery practice:

• Increased education discounts

• Access to Not for Resale (NFR) licenses

• Priority enrollment in VMware Livefire and VMware Center for Advanced Learning (CAL Academy) trainings

• Identification on our Partner Locator as attaining the Master Services Competency, and use of the Master Services Competency badge



For more information, visit the Partner Central Master Services Competencies page or contact partnernetwork@vmware.com.



Best Regards,

Your VMware Partner Network Team</textOnly>
    <type>html</type>
    <uiType>Aloha</uiType>
</EmailTemplate>
