<?xml version="1.0" encoding="UTF-8"?>
<EmailTemplate xmlns="http://soap.sforce.com/2006/04/metadata">
    <available>true</available>
    <description>Email sent to Partner as reminder when 30,60,90 days are left, before Provisional expires</description>
    <encodingKey>UTF-8</encodingKey>
    <letterhead>VMWare_Corporate</letterhead>
    <name>Reminders 30,60,90 days before Provisional expires</name>
    <style>freeForm</style>
    <subject>Reminder – {!Competency__c.Competency_Name__c}  Provisional Status</subject>
    <textOnly>Dear {!Competency__c.Primary_Contact__c},


VMware Partner ID: {!Competency__c.Partner_ID__c}

Our records indicate that your organization has been placed in Provisional status for the Master Services Competency below. Failure to complete the missing requirements before the Provisional status end date will result in loss of benefits.

Master Services Competency: {!Competency__c.CompetencyName__c}

Provisional status reason: {!Competency__c.Provisional_Reason__c}

Provisional End Date field

{!Competency__c.Provisional_Status_End_Date__c}

You may visit your Master Services Competency Dashboard on Partner Central at {!$Label.MSC_PartnerCentralURL}apex/MSC_Dashboard?id={!Competency__c.Account_NameId__c} to identify which requirements are missing and must be completed by the expiry date indicated above.

As a Master Services Competency partner, your company will continue to be eligible for program benefits through the expiry date. However, in order to continue receiving all program benefits, your company must complete all pending requirements before the expiry date indicated above.

Should you have questions regarding this email or experience difficulty accessing the above link to the Master Services Competency Dashboard, contact partnernetwork@vmware.com.


Best regards,

Your VMware Partner Network Team.</textOnly>
    <type>html</type>
    <uiType>Aloha</uiType>
</EmailTemplate>
