<?xml version="1.0" encoding="UTF-8"?>
<EmailTemplate xmlns="http://soap.sforce.com/2006/04/metadata">
    <available>true</available>
    <description>Email sent to Partner when the Master Services Competency&apos;s Status is changed from Achieved to Incomplete</description>
    <encodingKey>UTF-8</encodingKey>
    <letterhead>VMWare_Corporate</letterhead>
    <name>Status changed to Incomplete due to incomplete requirements</name>
    <style>freeForm</style>
    <subject>{!Competency__c.Competency_Name__c} Status Changed from Achieved to Incomplete</subject>
    <textOnly>Dear {!Competency__c.Primary_Contact__c},


VMware Partner ID: {!Competency__c.Partner_ID__c}


This is to notify you that your organization has failed to meet all the requirements for the Master Services Competency: {!Competency__c.Competency_Name__c}. As a result, your status will change from Achieved to Incomplete.

This means your company is no longer eligible for the program benefits associated with the above Master Services Competency.


Visit your Master Services Competency Dashboard on Partner Central at {!$Label.MSC_PartnerCentralURL}apex/MSC_Dashboard?id={!Competency__c.Account_NameId__c} to identify requirements that are missing or incomplete. These may be completed at any time to return your organization’s status to Achieved.

Should you have questions regarding this email or experience difficulty accessing the above link to the Master Services Competency Dashboard, contact partnernetwork@vmware.com.


Best regards,

Your VMware Partner Network Team.</textOnly>
    <type>html</type>
    <uiType>Aloha</uiType>
</EmailTemplate>
