<?xml version="1.0" encoding="UTF-8"?>
<EmailTemplate xmlns="http://soap.sforce.com/2006/04/metadata">
    <available>true</available>
    <description>Partner achieving the VMware Master Services Competency</description>
    <encodingKey>UTF-8</encodingKey>
    <letterhead>VMWare_Corporate</letterhead>
    <name>Welcome/achievement of MSC</name>
    <style>freeForm</style>
    <subject>Congratulations on Achieving the VMware {!Competency__c.Competency_Name__c}</subject>
    <textOnly>Dear {!Competency__c.Primary_Contact__c},


VMware Partner ID: {!Account.Partner_ID__c}

Congratulations! We are pleased to recognize your achievement of the VMware {!Competency__c.Competency_Name__c}

Master Services Competency attainment provides your company with access to benefits to help you build your services delivery practice:

• Increased education discounts for VMware On-Demand, Instructor-Led, and Onsite trainings

• Access to Not for Resale licenses

• Priority enrollment in VMware Livefire training – a 5-day course designed to accelerate VMware-driven infrastructure design and implementation readiness

• Priority enrollment in the VMware Center for Advanced Learning (CAL) Academy – a training curriculum offered through VMware Professional Services

• Early access to new Solution Enablement Toolkits (SETs) here vmware.com/go/SETs.EA

• Ability to promote your achievement and differentiate your expertise with:

o  A Master Services Competency badge which you can display online and in written materials. Learn more about badge usage guidelines and download your badge here [link]

o A joint press release with VMware spokesperson quote

• Addition of the Master Service Competency on your VMware Partner Locator company listing.  Your company will now appear on Partner Locator when customers search for partners who have expertise in this Master Services Competency.

Again, congratulations. For more information, visit the Partner Central Master Services Competencies page or contact partnernetwork@vmware.com.

Best Regards,

Your VMware Partner Network Team</textOnly>
    <type>html</type>
</EmailTemplate>
